-1.276781999999999917e-02,-1.621415999999999830e-02,6.851090000000000435e-04,-3.182307000000000104e-03,-2.755800999999999997e-03,-8.090837000000000029e-03,2.517575000000000195e-03,-3.337412000000000104e-03
2.137881700000000135e-02,2.814588800000000085e-02,1.108838399999999974e-02,7.605620999999999909e-03,5.987212999999999910e-03,3.905017000000000210e-03,3.426713000000000068e-03,6.186800000000000112e-03
-4.650073999999999701e-03,-3.290601000000000203e-03,8.421680000000000181e-04,2.076398000000000132e-03,4.939215999999999746e-03,6.129380000000000245e-03,-7.219635999999999762e-03,3.594523999999999983e-03
-1.418116900000000041e-02,-1.179802299999999950e-02,-1.625795000000000018e-02,-1.772767700000000071e-02,-1.400316799999999987e-02,-1.533907699999999957e-02,-1.576366200000000120e-02,-1.511285599999999917e-02
-1.211583999999999925e-03,-1.421204700000000022e-02,4.511129000000000007e-03,-2.991089000000000161e-03,-2.806859999999999997e-03,-1.757443300000000042e-02,-4.663628999999999865e-03,-5.225307000000000215e-03
1.252691600000000079e-02,1.670811700000000150e-02,8.026026000000000341e-03,1.638287299999999919e-02,9.694644999999999999e-03,-7.418799999999999917e-04,3.178826000000000047e-03,1.206450700000000036e-02
-7.418669999999999605e-03,-3.765960999999999961e-03,-1.019430999999999896e-03,-5.418349999999999729e-03,-1.048058200000000044e-02,1.722313699999999947e-02,9.805050000000000050e-04,-8.897119999999999682e-03
-1.926376999999999950e-03,-1.180319999999999894e-03,2.261235999999999802e-03,-9.945964999999999320e-03,-1.020318500000000003e-02,-1.279196200000000047e-02,0.000000000000000000e+00,-1.290010400000000078e-02
1.200884900000000026e-02,1.547599700000000002e-02,2.792559000000000013e-03,2.614057399999999975e-02,1.551803600000000068e-02,1.959829199999999980e-02,-7.435408999999999595e-03,1.597217100000000028e-02
-1.408442300000000043e-02,-1.761888400000000132e-02,-2.365956699999999940e-02,-2.763470599999999847e-02,-2.648648300000000164e-02,4.188856999999999824e-03,-3.488236200000000009e-02,-2.902154100000000139e-02
-4.895555000000000219e-03,-2.057867600000000061e-02,6.441938000000000351e-03,-1.227897200000000084e-02,-3.020529000000000096e-03,-2.600897799999999857e-02,2.177717999999999928e-03,-1.182285100000000054e-02
1.319904300000000058e-02,2.529304500000000011e-02,1.286014400000000044e-02,9.905840000000000825e-03,5.569255000000000386e-03,1.206536799999999993e-02,1.963905800000000090e-02,1.236025800000000070e-02
4.356216999999999902e-03,8.757443000000000172e-03,-1.678773600000000102e-02,-1.499925999999999950e-03,-1.154778300000000070e-02,0.000000000000000000e+00,-6.612179999999999620e-03,-6.068730999999999952e-03
-9.524496999999999824e-03,-1.784133499999999983e-02,1.303520000000000026e-02,5.075353000000000329e-03,-2.593994599999999845e-02,-3.325903100000000140e-02,-6.104779999999999755e-03,8.634209999999999585e-04
-1.830306199999999842e-02,-2.159371100000000154e-02,-2.412717099999999934e-02,-2.629737399999999836e-02,0.000000000000000000e+00,0.000000000000000000e+00,-3.409731199999999768e-02,-3.072235200000000138e-02
-1.581845200000000021e-02,-2.809189999999999951e-02,-6.608357999999999940e-03,-8.091769000000000392e-03,-1.287100400000000013e-02,0.000000000000000000e+00,6.934649999999999885e-04,-1.365444399999999996e-02
-1.207718200000000054e-02,-2.492171300000000159e-02,-3.288846599999999815e-02,-8.459008000000000499e-03,-1.526027200000000007e-02,0.000000000000000000e+00,-2.337865999999999903e-02,-1.770649599999999865e-02
-5.675261200000000089e-02,-7.696744499999999545e-02,-1.542662900000000073e-02,-3.324132700000000107e-02,-2.658091799999999852e-02,-3.144566800000000301e-02,-8.599648999999999141e-03,-3.387500100000000181e-02
6.895168399999999920e-02,1.006206939999999966e-01,4.303472500000000284e-02,5.162997799999999998e-02,5.032268899999999684e-02,1.589961200000000047e-02,4.024732000000000309e-02,6.704246699999999448e-02
2.430260000000000005e-04,-1.061963399999999932e-02,-3.403127000000000148e-03,3.284777999999999917e-03,-9.923973000000000863e-03,-1.142225600000000042e-02,-1.583057100000000161e-02,-7.264981999999999690e-03
2.647417999999999993e-02,3.099937999999999999e-02,1.364598900000000073e-02,2.385803599999999913e-02,9.199799999999999298e-03,-1.640942000000000052e-03,1.232574300000000012e-02,1.290535200000000014e-02
-8.077229999999999913e-04,6.190107000000000248e-03,-1.221941200000000068e-02,1.101377700000000064e-02,9.281581000000000553e-03,2.155920100000000006e-02,-6.707097999999999879e-03,3.240996999999999802e-03
-3.838996100000000022e-02,-4.643962399999999879e-02,-1.897907899999999939e-02,-3.172986600000000240e-02,-3.193809599999999915e-02,-1.499241200000000010e-02,-2.146728300000000020e-02,-3.545826800000000112e-02
5.780966999999999703e-03,-3.439788000000000047e-03,1.108852000000000015e-03,1.684313999999999907e-03,-7.600000000000000418e-05,-2.191092000000000040e-02,-8.647640999999999314e-03,-5.523799999999999934e-04
1.604926599999999953e-02,2.120569699999999905e-02,-1.429772699999999966e-02,1.456478200000000008e-02,8.477032000000000664e-03,6.719280000000000218e-04,-3.274157300000000298e-02,1.373995499999999988e-02
-4.538897100000000018e-02,-7.352569999999999939e-02,-4.489918899999999907e-02,-4.792243499999999934e-02,-4.513116100000000297e-02,-2.094789000000000026e-02,-4.451601599999999853e-02,-4.642055199999999687e-02
-6.232065000000000174e-03,-8.072812999999999864e-03,1.491265500000000035e-02,-6.605063000000000427e-03,-2.012629000000000154e-03,-2.480792000000000067e-02,3.490405099999999844e-02,-8.335350000000000485e-04
8.218707999999999916e-03,1.516533999999999938e-02,-1.299212299999999952e-02,-4.051598000000000005e-03,1.322477000000000071e-03,-2.675135999999999833e-03,-5.725047999999999943e-03,-1.938917999999999978e-03
-4.309209600000000334e-02,-5.731892499999999974e-02,3.538699999999999984e-04,-2.364057599999999995e-02,-2.575489699999999882e-02,-3.106769699999999829e-02,-1.227565599999999937e-02,-2.644836700000000040e-02
3.472368599999999667e-02,4.378235600000000144e-02,-5.677006000000000066e-03,1.539749299999999994e-02,1.952200499999999853e-02,6.613466000000000136e-03,1.685499000000000025e-02,1.934561799999999845e-02
7.264208000000000297e-03,1.499331899999999974e-02,3.234721299999999966e-02,3.063387000000000054e-02,3.070609499999999922e-02,1.221784100000000012e-02,3.111093100000000139e-02,2.985685899999999948e-02
1.340982599999999969e-02,1.938886199999999976e-02,-1.245187099999999977e-02,1.521460999999999994e-03,-1.309758000000000059e-03,1.270561899999999959e-02,-2.337974999999999949e-03,-8.671790000000000401e-04
-1.548563499999999933e-02,-2.517917500000000156e-02,-1.731428499999999870e-02,3.047731000000000138e-03,-4.849454999999999912e-03,5.857149999999999987e-04,1.760129900000000081e-02,-3.169870000000000196e-04
1.385820000000000064e-03,-7.133401999999999625e-03,0.000000000000000000e+00,2.836192999999999874e-03,0.000000000000000000e+00,-5.838666999999999642e-03,-1.931390499999999927e-02,-2.435159000000000108e-03
1.371627899999999962e-02,1.796655100000000074e-02,2.551438699999999948e-02,-1.169999999999999979e-05,-2.326799999999999962e-03,-1.124418899999999992e-02,1.766298000000000173e-02,5.557760000000000131e-04
3.520352999999999937e-03,8.177155000000000187e-03,4.043236000000000399e-03,1.220205199999999969e-02,1.156104600000000017e-02,3.186652300000000076e-02,-2.033467900000000134e-02,1.231067800000000025e-02
-1.443906200000000077e-02,-2.163535299999999953e-02,-3.501748699999999992e-02,-1.930270499999999986e-02,-1.648452799999999829e-02,-1.312112000000000044e-03,0.000000000000000000e+00,-2.169107099999999927e-02
-5.624348999999999842e-03,-1.597730400000000120e-02,-1.362443399999999950e-02,-5.729581000000000084e-03,-1.116234099999999924e-02,-3.917607299999999876e-02,-8.025502999999999804e-03,-9.470185000000000755e-03
-1.189722500000000086e-02,-1.453262399999999920e-02,1.091624000000000067e-02,-6.183397999999999672e-03,-8.121108000000000146e-03,1.798649999999999945e-03,1.093972999999999994e-02,-8.124868999999999841e-03
1.186573699999999947e-02,1.500620599999999936e-02,-5.959340999999999944e-03,1.960698199999999849e-02,1.142982600000000057e-02,-1.041371399999999926e-02,-6.113450000000000308e-03,1.590147500000000172e-02
1.020301199999999915e-02,1.265294800000000067e-02,2.907982200000000170e-02,1.193236800000000049e-02,9.120865000000000569e-03,1.090740999999999933e-02,2.521654900000000130e-02,1.517393499999999951e-02
4.905755999999999832e-03,1.516332299999999939e-02,4.370106999999999811e-03,-1.447404999999999916e-03,6.060506999999999700e-03,1.689575199999999999e-02,8.779881999999999270e-03,7.070273000000000183e-03
1.005562999999999943e-02,1.746251899999999926e-02,-1.806321000000000055e-03,1.267922600000000004e-02,7.409012999999999884e-03,1.783035300000000017e-02,-1.132628000000000107e-03,1.186347999999999916e-02
1.306787199999999947e-02,7.567691999999999995e-03,2.322247300000000042e-02,8.138222999999999985e-03,3.013467000000000142e-03,8.134470000000000199e-04,1.420613899999999957e-02,6.593924000000000139e-03
-3.263480000000000135e-04,5.878307000000000150e-03,-5.560940000000000327e-04,2.565107999999999971e-03,3.844797999999999966e-03,1.796687199999999832e-02,4.783550000000000128e-03,9.890269999999999617e-04
8.616578999999999211e-03,1.079917000000000030e-02,1.282137999999999941e-03,5.256789000000000427e-03,3.050002999999999916e-03,-6.752557000000000177e-03,-3.248463999999999952e-03,2.465086999999999921e-03
2.518489999999999965e-03,6.836576999999999932e-03,1.316289999999999908e-03,-1.054618000000000005e-03,-5.902120000000000066e-04,-4.381219999999999906e-04,-1.597160000000000029e-03,2.211929999999999973e-03
4.246467999999999771e-03,8.193585999999999231e-03,-3.864245000000000093e-03,1.214887899999999958e-02,9.156548999999999938e-03,2.402029600000000001e-02,6.049513000000000286e-03,9.956113000000000809e-03
-4.728046999999999979e-03,-1.125490099999999945e-02,-1.620132200000000064e-02,-3.809903999999999808e-03,-9.880510000000000334e-03,-1.229641700000000046e-02,-2.776920000000000104e-04,-7.960962999999999720e-03
-1.949573699999999910e-02,-2.213110000000000077e-02,-2.989921999999999892e-03,-1.034517400000000038e-02,-1.314104599999999998e-02,-1.888501199999999963e-02,5.370441999999999577e-03,-1.317624499999999962e-02
1.661570000000000017e-04,-8.024183000000000704e-03,-1.694619299999999829e-02,-1.445479700000000013e-02,-1.523568399999999934e-02,4.674580000000000228e-04,-1.894755999999999871e-02,-1.780073399999999861e-02
-9.202010000000000484e-04,-3.590841999999999905e-03,2.855218000000000079e-03,-7.365815000000000383e-03,-1.058482099999999947e-02,-1.941093699999999964e-02,1.377768199999999943e-02,-7.953517000000000226e-03
1.013175900000000060e-02,1.695114500000000080e-02,-2.035950999999999820e-03,1.416793000000000045e-02,4.981132999999999568e-03,-4.481408999999999566e-03,-9.283361999999999864e-03,9.124919999999999906e-03
-2.181576899999999875e-02,-2.844306200000000159e-02,-3.150827099999999742e-02,-3.389303899999999981e-02,-3.154709399999999775e-02,-1.279773499999999932e-02,-3.561306000000000194e-02,-3.490298499999999748e-02
-6.830443000000000278e-03,-6.194950999999999756e-03,-1.016442499999999950e-02,2.263888999999999832e-03,5.492770000000000334e-04,-1.984203999999999829e-02,-1.695535000000000098e-02,2.201934000000000009e-03
-5.580512999999999620e-03,-7.677619000000000110e-03,-3.245745999999999874e-03,-1.828528600000000129e-02,-2.285472900000000071e-02,-2.057114999999999985e-02,4.911119000000000248e-03,-2.240169800000000114e-02
2.000906699999999844e-02,2.605659399999999890e-02,-4.673293000000000239e-03,-3.982358000000000078e-03,6.698560000000000104e-03,1.316639999999999998e-03,3.163062999999999812e-03,3.560578999999999914e-03
1.419822999999999962e-03,7.375233000000000136e-03,5.344686000000000402e-03,-3.081454999999999871e-03,-3.022275999999999956e-03,6.829298999999999613e-03,-9.240017999999999149e-03,-3.738593000000000124e-03
1.906224899999999986e-02,2.292260600000000162e-02,0.000000000000000000e+00,2.122697499999999862e-02,2.891349199999999897e-02,7.660417999999999568e-03,1.952392600000000047e-02,2.636286399999999974e-02
1.901639999999999906e-04,-7.137190000000000287e-04,3.085006200000000101e-02,8.694657999999999207e-03,9.980242999999999753e-03,-6.272550000000000001e-03,1.945030999999999843e-02,1.293821499999999944e-02
9.585147000000000458e-03,1.533557900000000022e-02,9.368672999999999237e-03,7.116449999999999859e-03,1.792484999999999912e-02,2.722301400000000024e-02,3.029349000000000191e-03,1.223277499999999955e-02
-3.400806000000000141e-03,-2.366535999999999813e-03,7.178099999999999759e-03,4.888901999999999658e-03,5.352411999999999968e-03,5.185916999999999957e-03,-8.162278000000000241e-03,5.906261999999999797e-03
7.303681000000000235e-03,2.454421000000000033e-03,7.325969999999999791e-04,1.968305000000000055e-03,6.621448000000000264e-03,-3.889531999999999799e-03,0.000000000000000000e+00,3.920398999999999759e-03
1.223734100000000054e-02,1.255715900000000003e-02,1.526185400000000005e-02,1.857520400000000141e-02,1.992784900000000095e-02,-1.140142000000000022e-03,1.146515399999999997e-02,1.880849500000000146e-02
3.887459999999999809e-04,9.663843000000000086e-03,-1.552149999999999971e-04,3.004624999999999917e-03,-3.325577000000000134e-03,2.669346599999999903e-02,-3.255615999999999805e-03,-7.339999999999999520e-05
-1.054227100000000063e-02,-7.802001999999999722e-03,1.195445999999999965e-03,-9.774236000000000382e-03,-8.065176000000000289e-03,-1.126353400000000039e-02,1.575199999999999962e-04,-9.217097000000000484e-03
6.832480000000000150e-04,4.743861000000000258e-03,-2.924293199999999926e-02,-1.789929800000000099e-02,-1.010596599999999921e-02,-2.903436300000000053e-02,-1.827942899999999982e-02,-1.567488499999999951e-02
6.648114999999999580e-03,1.609521000000000042e-03,5.964073999999999764e-03,-5.172061999999999840e-03,-2.056815000000000032e-03,-1.153479399999999926e-02,1.525070199999999966e-02,-3.399609999999999958e-03
1.949077999999999922e-03,4.889720000000000177e-03,1.135189200000000058e-02,-6.950248000000000016e-03,-1.710764999999999942e-03,0.000000000000000000e+00,1.825348099999999849e-02,-3.202757000000000086e-03
2.152365300000000023e-02,2.704045399999999849e-02,-1.290268600000000002e-02,3.828446000000000106e-03,1.450658500000000066e-02,-2.328400000000000001e-03,2.171549999999999902e-04,9.445343000000000142e-03
7.114932000000000027e-03,8.759166999999999995e-03,2.226361599999999996e-02,2.501999499999999974e-02,1.884482700000000149e-02,-6.264984000000000351e-03,1.952068100000000153e-02,2.151089800000000052e-02
-1.040028100000000080e-02,-6.501973000000000301e-03,8.186429000000000275e-03,3.930625000000000091e-03,-2.258530000000000075e-04,2.252741700000000097e-02,8.707493000000000177e-03,9.410399999999999755e-04
3.504000000000000170e-03,2.976953999999999972e-03,1.113793100000000022e-02,4.509515999999999872e-03,7.220790000000000368e-03,7.679092999999999683e-03,1.807692000000000066e-03,6.502430000000000015e-03
1.370654200000000038e-02,1.868097800000000086e-02,-1.049868999999999932e-03,2.112644999999999801e-03,2.724695999999999976e-03,-7.168230000000000044e-04,3.470635000000000126e-03,5.502492000000000320e-03
1.248869000000000107e-03,2.580016999999999987e-03,-6.946067999999999687e-03,-4.580894000000000285e-03,-8.609932000000000696e-03,2.664244899999999860e-02,2.007762000000000175e-03,-4.554764999999999682e-03
5.496886000000000307e-03,5.429190999999999878e-03,-4.167314000000000088e-03,-7.185559000000000217e-03,-1.072063000000000052e-03,-5.887121000000000368e-03,2.182982999999999885e-03,-3.207668999999999798e-03
-1.443641799999999947e-02,-1.530166900000000038e-02,6.349999999999999850e-05,2.160768999999999884e-03,-1.059412099999999975e-02,-1.650506499999999932e-02,8.343978999999999632e-03,-6.165908000000000326e-03
1.371106499999999971e-02,2.212506100000000142e-02,2.178352000000000066e-02,2.317769999999999900e-02,2.611104599999999887e-02,3.455170999999999937e-03,1.473209399999999940e-02,2.519482799999999897e-02
-1.018028399999999951e-02,-6.415477000000000159e-03,-4.807872999999999834e-03,2.504755000000000002e-03,-1.111769999999999962e-04,1.284257100000000054e-02,-7.618302999999999880e-03,5.010439999999999686e-04
-3.298124999999999842e-03,-8.065884000000000595e-03,6.032852000000000006e-03,3.705922999999999856e-03,-1.910468000000000019e-03,-2.133910600000000005e-02,4.036139999999999693e-03,7.694520000000000049e-04
-4.645658000000000426e-03,-5.918981999999999716e-03,-1.269390999999999922e-03,3.553119999999999890e-04,-3.794646999999999951e-03,1.719498699999999838e-02,2.048521000000000196e-03,-1.961076999999999872e-03
2.511475999999999899e-03,5.730527000000000017e-03,-3.710877000000000012e-03,-1.174455899999999990e-02,-6.244061000000000403e-03,-1.223048999999999924e-03,-4.644459000000000087e-03,-1.019969400000000047e-02
2.217176999999999863e-03,8.207607000000000444e-03,5.468065999999999725e-03,1.458567199999999918e-02,1.454009199999999925e-02,-7.247642000000000320e-03,-3.427557999999999820e-03,1.336794799999999929e-02
-1.202884499999999982e-02,-1.788781600000000083e-02,-5.985299000000000348e-03,-1.034204099999999973e-02,-6.322504999999999965e-03,-2.242263999999999889e-03,-9.460780000000000231e-03,-7.752501999999999657e-03
-1.730205199999999832e-02,-2.565866400000000117e-02,-2.858332699999999865e-02,-2.125105700000000028e-02,-2.470563300000000115e-02,-2.740580899999999973e-02,-2.154760000000000009e-02,-2.491018500000000135e-02
3.930898999999999852e-03,-3.832494999999999999e-03,-5.393280000000000296e-03,-3.075864000000000202e-03,3.976677999999999984e-03,-8.674259999999999610e-03,2.671606999999999888e-03,4.323490000000000037e-04
1.645509000000000078e-03,6.947230999999999893e-03,-4.031703999999999670e-03,-4.043914000000000016e-03,1.764455000000000060e-03,4.426509000000000346e-03,4.507305999999999986e-03,-2.087609999999999889e-04
5.847452999999999852e-03,6.578536000000000279e-03,1.204469999999999938e-04,2.619999999999999987e-05,1.326830000000000034e-04,-6.156074000000000095e-03,6.588173999999999593e-03,-6.903290000000000511e-04
1.082305000000000073e-02,2.023812800000000106e-02,1.211845800000000035e-02,1.556095899999999921e-02,1.400282599999999947e-02,-3.811894000000000133e-03,1.313633099999999936e-02,1.423189799999999977e-02
-3.278210000000000043e-04,-3.273619999999999872e-04,1.481684999999999947e-03,-3.242231999999999840e-03,-8.936173999999999853e-03,8.570757999999999502e-03,7.986869999999999647e-04,-4.438278999999999835e-03
-1.004363599999999988e-02,-1.211857600000000069e-02,-1.708040900000000126e-02,-1.813539800000000049e-02,-1.742449600000000112e-02,1.313124899999999935e-02,-1.116532699999999920e-02,-1.655942100000000125e-02
-1.691507000000000080e-03,-9.961144999999999375e-03,-3.669695000000000162e-03,-1.158428899999999935e-02,-3.074973999999999850e-03,-1.977191000000000018e-02,-3.144562999999999959e-03,-9.876182000000000710e-03
2.389146999999999885e-03,-3.964640000000000178e-04,-4.048531999999999652e-03,9.570520000000000112e-04,7.574268000000000320e-03,-6.852864999999999651e-03,-1.047808799999999999e-02,5.666018999999999570e-03
-4.548584999999999955e-03,-1.397618899999999997e-02,-1.461877699999999947e-02,-1.263499000000000046e-02,-1.516755399999999976e-02,-1.342236800000000049e-02,-1.259758300000000074e-02,-1.537017499999999981e-02
-5.774600000000000392e-03,-2.290255000000000155e-03,3.283981999999999960e-03,-6.073560000000000417e-03,-9.079105000000000508e-03,-1.678801200000000146e-02,-5.432496000000000200e-03,-9.328747000000000081e-03
1.316561299999999962e-02,1.527459699999999913e-02,-7.714480000000000122e-03,2.214682999999999843e-03,9.040314000000000683e-03,6.882682000000000209e-03,-1.454910300000000073e-02,8.409563999999999581e-03
4.862006999999999787e-03,5.853075000000000118e-03,1.645071500000000117e-02,6.505554999999999671e-03,8.843975999999999921e-03,9.451648999999999468e-03,2.654421499999999948e-02,8.337548000000000181e-03
1.050408199999999966e-02,6.812422999999999743e-03,-1.443788300000000031e-02,-4.370022000000000316e-03,4.526803999999999724e-03,-1.874866899999999906e-02,-6.731456999999999719e-03,3.758349999999999820e-04
1.181716499999999927e-02,1.537587699999999960e-02,2.907765799999999928e-02,2.642812099999999886e-02,2.666421799999999995e-02,1.160055100000000061e-02,2.916602399999999873e-02,2.894499500000000114e-02
2.965501000000000161e-03,9.657951999999999163e-03,9.039912000000000641e-03,-8.219999999999999226e-06,8.568179999999999677e-04,1.509990400000000080e-02,-3.958744999999999625e-03,7.773590000000000361e-04
2.184557000000000165e-03,6.114259000000000360e-03,1.313236299999999933e-02,8.310417000000000498e-03,1.057505400000000040e-02,5.643419999999999687e-03,-1.932773000000000043e-03,9.502451999999999774e-03
1.672730000000000094e-03,5.548296000000000304e-03,-1.153745100000000065e-02,3.323121999999999968e-03,2.042826000000000190e-03,2.033036900000000091e-02,1.019291999999999985e-03,2.650617999999999985e-03
-5.813994999999999753e-03,-1.222334599999999952e-02,0.000000000000000000e+00,-6.053992999999999701e-03,-5.789634999999999573e-03,-8.130739999999999149e-03,-5.106880000000000273e-03,-7.760931000000000426e-03
-2.285365000000000139e-03,-2.284645999999999986e-03,6.418033000000000071e-03,7.580031000000000095e-03,4.041527999999999961e-03,-2.207140299999999986e-02,0.000000000000000000e+00,6.180086999999999907e-03
2.689271400000000159e-02,3.679257400000000150e-02,2.074129699999999882e-02,1.565122299999999883e-02,2.470294400000000098e-02,3.240370699999999687e-02,2.416101099999999960e-02,2.039579600000000076e-02
3.509247999999999968e-03,9.561150000000000031e-04,-7.133299999999999754e-04,2.190301999999999874e-03,3.413310000000000020e-04,-2.417685000000000146e-03,-4.995478999999999718e-03,4.846930000000000162e-04
1.459756100000000022e-02,1.869934900000000053e-02,3.534910000000000049e-03,-2.159958999999999924e-03,-2.121730999999999964e-03,2.309323500000000015e-02,6.111992999999999593e-03,-3.291132999999999906e-03
5.271760000000000335e-03,6.212221999999999883e-03,-3.644879999999999973e-04,-1.953400000000000102e-03,-2.793877000000000166e-03,-7.421399999999999655e-04,-6.540495999999999810e-03,-3.385827000000000107e-03
2.025474000000000198e-03,-6.643239999999999909e-04,8.265749999999999660e-04,-6.403213999999999954e-03,-5.720196999999999782e-03,1.218582200000000067e-02,-8.519406000000000201e-03,-5.119605000000000163e-03
6.672434999999999998e-03,6.603580999999999861e-03,1.509529199999999974e-02,1.356669800000000030e-02,1.692057300000000125e-02,-2.494254999999999910e-03,1.627783000000000008e-02,1.451075400000000071e-02
-2.567316999999999950e-03,3.260550000000000080e-04,-2.567372999999999964e-03,-2.959297999999999963e-03,-4.705385999999999770e-03,0.000000000000000000e+00,-6.931136000000000068e-03,-2.636233999999999886e-03
5.511667999999999949e-03,1.037803399999999952e-02,-4.837173000000000167e-03,-1.083770899999999919e-02,-4.367328999999999656e-03,-3.734269000000000130e-03,8.908941000000000082e-03,-9.540355999999999836e-03
-4.453821000000000169e-03,-6.889540000000000421e-03,-8.366175000000000000e-03,-3.811821999999999867e-03,-8.649429999999999619e-04,-9.943357999999999364e-03,6.840800000000000179e-03,-4.187823999999999713e-03
7.611690000000000166e-04,2.314966999999999806e-03,2.097283800000000059e-02,1.819963900000000009e-02,9.223435999999999788e-03,0.000000000000000000e+00,-8.730619999999999700e-03,1.360593099999999993e-02
5.987659000000000210e-03,1.277985199999999953e-02,-5.683544999999999917e-03,-3.086541999999999845e-03,-4.493424000000000203e-03,1.378488999999999930e-02,9.050363999999999978e-03,-4.653906999999999662e-03
1.478449599999999940e-02,1.594248399999999982e-02,4.838732999999999576e-03,-4.460380000000000009e-04,8.967159999999999844e-04,-1.124474500000000043e-02,5.969129000000000101e-03,1.299390000000000039e-04
-5.870009999999999725e-04,1.018348500000000080e-02,-2.591138000000000208e-03,-4.658632999999999698e-03,-1.632624000000000054e-03,6.677487999999999653e-03,0.000000000000000000e+00,-3.723290000000000193e-03
3.395986000000000143e-03,8.789052999999999796e-03,-3.088460999999999811e-03,-2.869524999999999940e-03,-3.723728999999999841e-03,-2.007914800000000152e-02,2.913646000000000204e-03,-2.052122999999999881e-03
-1.364891600000000052e-02,-1.059654200000000046e-02,4.406679999999999625e-03,-2.842363000000000094e-03,7.952292999999999168e-03,3.715865000000000053e-03,1.144228000000000085e-02,-5.640000000000000211e-05
8.169492999999999894e-03,8.242206000000000185e-03,-8.067420999999999967e-03,-1.249535300000000071e-02,-6.619510999999999798e-03,-2.466825000000000181e-03,2.218841000000000042e-03,-8.419220999999999303e-03
1.318609800000000026e-02,1.130961400000000082e-02,2.064674799999999949e-02,1.321796299999999924e-02,1.426068200000000022e-02,1.457182500000000006e-02,1.267769799999999940e-02,1.577076900000000045e-02
8.959157000000000579e-03,2.759418099999999888e-02,-6.722050000000000464e-04,8.793511000000000383e-03,8.058574000000000639e-03,1.797740199999999997e-02,-1.046376899999999950e-02,7.364935999999999879e-03
-1.807411000000000087e-03,8.861290000000000399e-04,-1.647950999999999930e-03,8.798929999999999729e-04,-3.402833000000000073e-03,-6.833110000000000312e-04,-8.870974000000000220e-03,7.760000000000000242e-05
6.841092000000000006e-03,1.960040000000000024e-04,6.103642999999999742e-03,2.453868000000000108e-03,-7.950739999999999977e-04,-9.954585000000000169e-03,1.266298400000000039e-02,-7.155529999999999573e-04
2.617616299999999882e-02,3.779503599999999713e-02,1.458929999999999938e-04,2.831483000000000090e-03,2.612535000000000031e-03,-2.110364600000000021e-02,1.932913000000000079e-03,3.023712999999999922e-03
9.736797000000000160e-03,3.738680000000000193e-04,3.811421000000000166e-03,-7.832520000000000151e-04,-1.905770999999999897e-03,0.000000000000000000e+00,1.022298699999999935e-02,-2.811904999999999960e-03
7.033825999999999967e-03,1.568416300000000096e-02,7.095823000000000234e-03,2.040247900000000114e-02,1.504104099999999979e-02,1.582576000000000035e-03,0.000000000000000000e+00,1.692324099999999859e-02
-1.350407699999999975e-02,-4.128520999999999580e-03,-3.648103000000000196e-03,3.219604999999999950e-03,-3.520824000000000089e-03,1.896088900000000160e-02,2.371539999999999998e-04,-2.618464000000000035e-03
1.256772800000000023e-02,7.688495000000000051e-03,2.025532999999999934e-03,5.720008000000000384e-03,-4.164267000000000142e-03,-8.725798999999999361e-03,1.923051000000000057e-03,-8.511299999999999638e-04
5.076447999999999898e-03,-8.140980000000000785e-03,7.217618000000000297e-03,3.740512000000000090e-03,6.832167000000000101e-03,-1.852749999999999905e-04,-1.309501999999999932e-03,3.826993999999999795e-03
-8.827632000000000187e-03,-7.695880999999999902e-03,-1.600469800000000123e-02,-3.988529000000000206e-03,-6.744504000000000124e-03,4.302992999999999749e-03,-2.644221899999999945e-02,-4.752919999999999888e-03
-6.813226999999999825e-03,-1.132673499999999923e-02,1.046906600000000083e-02,5.203143000000000351e-03,4.373389000000000096e-03,-1.668550800000000167e-02,7.713788000000000068e-03,4.381638000000000199e-03
1.553185299999999998e-02,2.209617200000000073e-02,1.772366000000000046e-03,1.316445599999999973e-02,5.049284999999999711e-03,-5.458979999999999562e-04,-1.075286899999999997e-02,8.504806999999999645e-03
7.868290000000000006e-03,1.796290000000000083e-03,2.386454000000000093e-03,-7.823349999999999966e-04,-2.869742000000000213e-03,5.342722999999999743e-03,-1.753100999999999965e-03,-2.510909999999999878e-03
-1.169303999999999916e-03,8.520975000000000077e-03,2.144637000000000019e-03,5.038873999999999610e-03,1.844537000000000043e-03,-2.714063000000000066e-03,7.188560000000000305e-04,2.497145000000000094e-03
-2.500309000000000038e-03,-6.401925999999999624e-03,1.690000000000000082e-05,-3.834605000000000045e-03,-7.801563000000000074e-03,-2.532679999999999827e-03,1.653401399999999966e-02,-6.240309000000000307e-03
-3.098128799999999919e-02,-4.273549599999999782e-02,-2.694156000000000068e-03,-6.949002999999999604e-03,-1.079872699999999928e-02,1.028543000000000035e-03,-2.420228999999999870e-03,-7.758049999999999842e-03
7.058143000000000229e-03,1.443257300000000062e-02,1.630874000000000039e-03,5.596369999999999817e-03,8.571027999999999633e-03,-2.505935600000000138e-02,1.395927800000000031e-02,4.239755000000000433e-03
-8.025245000000000295e-03,-1.306691000000000016e-03,7.729385000000000075e-03,7.459023000000000389e-03,1.096762700000000063e-02,5.744020000000000072e-04,4.795571000000000209e-03,7.955497000000000610e-03
1.202099000000000093e-03,7.039443000000000263e-03,3.671293999999999860e-03,-5.501777000000000230e-03,-1.460057000000000065e-03,2.147094500000000170e-02,0.000000000000000000e+00,-5.426310999999999635e-03
3.298642799999999820e-02,4.267029199999999856e-02,1.909922400000000145e-02,1.750879199999999872e-02,1.960137899999999864e-02,0.000000000000000000e+00,1.505884199999999937e-02,1.641901700000000103e-02
-1.781987000000000067e-03,-4.374117999999999756e-03,3.915146999999999898e-03,2.892753000000000078e-03,2.146837999999999871e-03,2.815179199999999840e-02,-5.343309000000000079e-03,-1.128410999999999954e-03
2.284926000000000058e-03,-5.734129999999999609e-03,-2.123229999999999822e-03,-5.479569999999999580e-04,-4.332482000000000347e-03,1.104722200000000064e-02,6.884019999999999593e-04,-2.137488999999999795e-03
8.452909999999999244e-03,8.523239999999999636e-03,-8.084914999999999810e-03,5.511779999999999978e-03,4.298441000000000067e-03,-3.956270999999999920e-03,-1.355192000000000029e-02,5.811443999999999811e-03
-1.382429299999999965e-02,-1.660255600000000095e-02,4.366586000000000425e-03,-1.006401200000000065e-02,-9.972628000000000742e-03,1.393414899999999984e-02,-5.721580000000000199e-04,-1.057096499999999988e-02
-6.769930999999999865e-03,-1.187705799999999937e-02,-4.251213999999999688e-03,5.311219999999999743e-04,-2.922949999999999789e-04,3.142399000000000147e-03,-6.203067999999999950e-03,-3.419001000000000071e-03
-7.617875999999999988e-03,-1.733660600000000093e-02,-1.187870100000000019e-02,1.664434999999999916e-03,-3.151886999999999918e-03,-1.395387900000000063e-02,-1.169818799999999999e-02,-2.616896999999999973e-03
6.377467999999999852e-03,6.378861000000000427e-03,-1.218209999999999953e-03,8.216075999999999241e-03,4.045695999999999667e-03,1.050524400000000039e-02,-1.048580999999999992e-02,6.972103000000000328e-03
-3.004187399999999966e-02,-3.563273200000000029e-02,7.509999999999999586e-05,4.684034999999999588e-03,-2.427692000000000044e-02,2.885265899999999925e-02,0.000000000000000000e+00,-1.376247599999999918e-02
-2.370180399999999993e-02,-3.754109299999999760e-02,-1.438704399999999987e-02,-1.730649600000000107e-02,-1.767034400000000102e-02,-8.446685000000000651e-03,-2.442230299999999937e-02,-2.000646099999999969e-02
1.340629299999999968e-02,-4.486480000000000047e-04,1.481271900000000023e-02,1.756298499999999971e-02,1.348966899999999927e-02,0.000000000000000000e+00,2.436485700000000018e-02,1.021895899999999968e-02
-1.218190999999999979e-03,3.534709999999999935e-03,-7.496631999999999602e-03,8.152730999999999867e-03,7.361780000000000060e-03,4.937884000000000023e-03,-3.841980000000000048e-03,5.656773999999999830e-03
-1.502136999999999917e-02,-2.363106499999999971e-02,0.000000000000000000e+00,-4.469495999999999886e-03,-5.313359000000000137e-03,-3.996163999999999966e-03,-1.651344299999999918e-02,-5.822911000000000059e-03
-3.188077699999999903e-02,-3.477944200000000069e-02,-1.379798000000000005e-03,-2.229524100000000036e-02,-2.098172300000000073e-02,8.572097000000000744e-03,-4.671876000000000154e-03,-2.011892700000000173e-02
1.976049900000000081e-02,1.117931999999999954e-02,-6.088749000000000071e-03,-1.416357000000000033e-03,-4.097738000000000075e-03,-1.883619599999999950e-02,-2.993815999999999838e-03,-5.513605000000000415e-03
1.224801499999999925e-02,1.914630399999999941e-02,2.138670800000000080e-02,2.628530899999999976e-02,2.044687599999999925e-02,5.120188999999999817e-03,2.394843400000000108e-02,2.241687399999999983e-02
1.176449100000000018e-02,1.695300099999999879e-02,1.273703200000000056e-02,1.316257699999999996e-02,2.192882000000000164e-02,1.790729500000000016e-02,2.606699999999999989e-03,1.900046899999999900e-02
-1.179228999999999954e-03,4.102904000000000100e-03,2.599909999999999981e-03,-1.422475999999999992e-03,-3.873919999999999881e-03,9.632949999999999716e-04,3.431618999999999902e-03,-1.358637999999999903e-03
1.266117100000000058e-02,1.035650599999999970e-02,-1.299110000000000022e-03,9.581289999999999469e-04,4.341943000000000018e-03,-1.090164999999999927e-03,-3.072111000000000199e-03,-1.845849999999999954e-04
2.380343000000000042e-03,8.157404000000000044e-03,5.149440000000000354e-04,6.811292000000000041e-03,6.598289999999999711e-03,-2.573329999999999975e-03,-3.081578000000000182e-03,8.135223999999999928e-03
-2.490964000000000025e-03,-1.246240799999999947e-02,3.694901999999999909e-03,-3.725917999999999938e-03,-2.413170000000000072e-03,8.955842000000000316e-03,-1.691516800000000126e-02,1.569352999999999894e-03
-2.680507899999999902e-02,-3.185293000000000152e-02,3.835406999999999879e-03,-1.680054000000000053e-03,2.327085999999999912e-03,5.219765000000000342e-03,-4.351220000000000261e-03,2.307033999999999908e-03
-1.767619700000000113e-02,-2.008970699999999832e-02,5.983684000000000398e-03,6.014191999999999802e-03,8.605110000000000016e-04,-7.213477999999999730e-03,6.797802999999999832e-03,6.814040000000000374e-04
2.472943899999999889e-02,2.218826299999999974e-02,4.839999999999999739e-05,3.308741999999999933e-03,8.189323999999999562e-03,7.991912000000000321e-03,1.140641499999999961e-02,5.687323999999999678e-03
1.945516999999999906e-03,4.689317999999999612e-03,9.105380000000000158e-04,-2.831369999999999829e-04,5.173599000000000080e-03,2.220211000000000146e-03,-5.556013000000000271e-03,2.944845000000000188e-03
-1.531002300000000073e-02,-2.670327200000000012e-02,-5.135629000000000062e-03,-1.570804000000000080e-03,-1.528870000000000099e-03,-6.777670000000000179e-04,-1.278080200000000083e-02,-3.066529000000000130e-03
-1.646663599999999977e-02,-1.964118100000000061e-02,6.166033999999999925e-03,1.143811999999999910e-03,-1.870220000000000129e-04,1.464520000000000134e-04,-8.344725000000000753e-03,5.708539999999999795e-04
-1.415067199999999956e-02,-1.698529600000000042e-02,8.364229999999999842e-04,-5.989943999999999651e-03,-1.582588000000000007e-03,-7.237409999999999677e-04,9.978868999999999587e-03,-3.572553999999999921e-03
-3.558330000000000065e-04,-1.739167100000000091e-02,2.545173999999999874e-03,5.163909999999999854e-03,3.366376999999999824e-03,-8.520420000000000771e-03,-1.060307899999999963e-02,3.737538999999999792e-03
2.054385599999999923e-02,1.821723600000000123e-02,6.011978000000000287e-03,8.426200999999999483e-03,1.016608700000000073e-02,1.497287899999999970e-02,1.403930699999999913e-02,1.055667000000000064e-02
9.528409999999999311e-03,1.217666100000000008e-02,3.373865000000000197e-03,-1.423732999999999943e-03,5.311986000000000312e-03,-2.321764999999999940e-03,3.745815999999999903e-03,1.131094000000000023e-03
1.183007500000000066e-02,1.247890100000000058e-02,-1.645724000000000102e-03,-1.448433000000000056e-03,2.103577000000000138e-03,-6.524901999999999959e-03,2.190469999999999917e-04,8.880000000000000089e-04
7.300380000000000194e-04,4.232966999999999806e-03,6.124939999999999942e-04,-1.239784900000000072e-02,2.132446000000000081e-03,0.000000000000000000e+00,-1.002290299999999967e-02,1.830470000000000111e-04
1.345760000000000099e-03,6.340000000000000149e-04,0.000000000000000000e+00,0.000000000000000000e+00,-2.082413999999999880e-03,7.443632999999999847e-03,0.000000000000000000e+00,-5.860665000000000145e-03
1.285406000000000005e-03,4.383820000000000186e-04,7.710500000000000123e-04,1.965170000000000024e-04,0.000000000000000000e+00,-6.136990999999999627e-03,3.504023000000000207e-03,2.085749999999999876e-04
4.171478999999999639e-03,-5.581774000000000284e-03,1.008620999999999910e-03,3.346326000000000161e-03,0.000000000000000000e+00,5.030739000000000218e-03,1.330014600000000054e-02,1.923257999999999955e-03
1.534650999999999941e-03,8.438497999999999138e-03,-1.509338000000000042e-03,-1.168697500000000049e-02,-4.244872000000000228e-03,-1.123984199999999989e-02,5.106442999999999573e-03,-9.190709999999999505e-03
-1.231184400000000061e-02,-6.861097000000000029e-03,-1.908149999999999950e-04,0.000000000000000000e+00,-1.197901600000000032e-02,1.640409500000000048e-02,9.435183999999999238e-03,-6.157860999999999717e-03
2.400222200000000014e-02,1.751547200000000068e-02,1.125131000000000048e-02,1.086753799999999950e-02,1.913805500000000104e-02,0.000000000000000000e+00,0.000000000000000000e+00,9.632929999999999618e-03
9.040200999999999446e-03,1.104758999999999949e-02,-1.313890000000000067e-03,-2.060853999999999984e-03,0.000000000000000000e+00,0.000000000000000000e+00,5.075574000000000231e-03,6.576534000000000199e-03
8.859544999999999920e-03,1.178021100000000050e-02,4.994591999999999955e-03,-5.106667999999999971e-03,4.976041999999999965e-03,-1.668041000000000098e-03,1.093293499999999953e-02,-5.482910000000000127e-04
6.982356000000000326e-03,6.850219999999999747e-03,-2.125148999999999788e-03,5.972200000000000425e-03,-4.045299999999999938e-03,1.425047800000000045e-02,-7.228097000000000168e-03,-6.202430000000000313e-04
-7.835121999999999920e-03,-1.875484700000000157e-02,-1.846505000000000021e-03,-4.817217000000000374e-03,-5.864826000000000067e-03,1.070676000000000006e-03,-7.423452999999999996e-03,-5.461396999999999780e-03
-1.310875700000000040e-02,-2.632467000000000140e-02,-1.377275000000000070e-03,-1.315204099999999973e-02,-4.689890000000000378e-03,-2.884326999999999898e-03,9.986879999999999629e-04,-9.845708999999999364e-03
-3.035481999999999937e-03,1.794767000000000064e-03,3.718222000000000194e-03,1.224919499999999918e-02,9.640601999999999852e-03,0.000000000000000000e+00,4.212030000000000288e-03,1.263803600000000006e-02
3.760527000000000054e-03,9.064051000000000052e-03,8.967268999999999934e-03,1.815993100000000068e-02,6.083882999999999999e-03,2.016789999999999913e-04,1.703594699999999920e-02,1.439673099999999942e-02
9.546782999999999658e-03,1.629758799999999827e-02,-1.712249000000000106e-03,8.950860000000000153e-04,-4.439077999999999948e-03,7.293934000000000181e-03,-1.281330299999999985e-02,-3.674889999999999776e-04
-1.019904800000000049e-02,-4.700227999999999871e-03,7.357426000000000244e-03,8.339999999999999432e-05,-3.625482000000000184e-03,-8.603671999999999709e-03,3.091890999999999824e-03,-7.612390000000000346e-04
-1.556341099999999922e-02,-1.536770200000000045e-02,1.375441999999999941e-03,3.334799999999999852e-04,-2.736117000000000150e-03,3.637770000000000239e-04,-4.676834000000000373e-03,-2.146761000000000068e-03
-6.049411000000000198e-03,4.579526999999999903e-03,0.000000000000000000e+00,9.195994000000000737e-03,1.174227299999999925e-02,1.533642999999999899e-03,4.394865999999999877e-03,1.099478499999999997e-02
5.207270000000000171e-04,-3.209006999999999832e-03,-1.016718500000000046e-02,-8.532190999999999734e-03,-1.324698799999999947e-02,3.617374999999999931e-03,-1.222901099999999970e-02,-1.064461000000000053e-02
-1.783503499999999908e-02,-3.165165999999999813e-02,-1.295771999999999939e-03,-8.292367000000000141e-03,-1.837175799999999845e-02,-1.141173300000000029e-02,-7.105028999999999685e-03,-1.008787899999999925e-02
9.744060000000000568e-03,-5.108330000000000336e-04,2.410663999999999862e-03,5.416474000000000115e-03,4.828217000000000099e-03,-1.571984200000000123e-02,-6.186256000000000220e-03,8.396040000000000447e-03
-1.106707600000000034e-02,-7.426254000000000188e-03,5.819323000000000377e-03,7.572440000000000161e-04,8.040448000000000386e-03,6.846900000000000382e-03,4.243654999999999823e-03,4.157979000000000015e-03
-7.488800000000000534e-04,4.638645000000000268e-03,2.633600000000000264e-04,-1.240198000000000082e-03,-4.417624000000000203e-03,1.146698699999999967e-02,-1.039564599999999971e-02,-4.044151999999999643e-03
1.232608500000000051e-02,5.404401999999999991e-03,4.212061999999999924e-03,9.634681000000000842e-03,8.665054999999999633e-03,-5.992449999999999860e-03,0.000000000000000000e+00,7.096901000000000077e-03
-1.408211399999999974e-02,-1.497641499999999987e-02,2.241765000000000164e-03,3.952976000000000406e-03,-6.870949999999999801e-04,7.352326000000000174e-03,-9.622771000000000449e-03,1.919420000000000024e-03
-2.849817799999999901e-02,-3.859896599999999844e-02,-1.801374899999999904e-02,-7.403398999999999744e-03,-1.413099100000000073e-02,-1.135575299999999968e-02,-2.008245700000000147e-02,-1.047780400000000028e-02
1.056216000000000012e-03,-8.883033000000000248e-03,7.633326999999999647e-03,-3.571159999999999873e-03,-3.150467000000000111e-03,-1.188658100000000023e-02,-1.845836000000000005e-03,-2.649510999999999793e-03
2.411579299999999995e-02,3.525681700000000279e-02,1.655581399999999856e-02,1.497600200000000041e-02,1.605692400000000020e-02,3.566623000000000102e-03,1.892603799999999920e-02,1.508858599999999932e-02
7.446755000000000214e-03,1.423862400000000007e-02,-2.726278999999999855e-03,-8.349999999999999675e-05,7.074849999999999715e-03,1.764093900000000131e-02,-1.723014299999999985e-02,1.617823999999999911e-03
-2.447813000000000072e-02,-2.785018800000000141e-02,2.351473000000000192e-03,1.392468000000000004e-03,-2.803880999999999821e-03,-2.489382999999999960e-03,1.153963999999999945e-03,-2.883468000000000142e-03
2.450661000000000159e-02,1.395922699999999940e-02,2.880095999999999958e-03,3.127022000000000135e-03,2.353786999999999980e-03,1.069480000000000083e-02,-2.266179999999999931e-02,2.761148000000000161e-03
-6.196100000000000392e-03,8.552887999999999810e-03,6.220741999999999591e-03,9.298106999999999900e-03,8.897505999999999471e-03,4.591322000000000111e-03,1.423858000000000068e-03,8.216677999999999829e-03
5.355587000000000195e-03,6.885706000000000118e-03,4.176097999999999616e-03,5.424861999999999913e-03,6.637976000000000293e-03,4.139816999999999629e-03,6.237961999999999674e-03,3.980283000000000258e-03
4.822986999999999934e-03,-3.254869999999999985e-03,-2.789696999999999837e-03,-3.195820000000000041e-04,-6.423159000000000333e-03,-1.707928999999999958e-03,-2.389546600000000062e-02,-3.024061000000000197e-03
-1.766443200000000074e-02,-2.492060200000000003e-02,7.492199999999999858e-04,2.643718000000000196e-03,-5.351105999999999571e-03,-1.147786000000000032e-03,5.590249999999999733e-03,-3.742422999999999930e-03
4.782286000000000176e-03,6.418219999999999655e-03,5.492239000000000322e-03,4.203525999999999964e-03,7.100974000000000348e-03,1.124093500000000051e-02,1.807712599999999892e-02,4.727186999999999882e-03
-2.497927999999999954e-03,4.045140000000000237e-04,2.382143000000000194e-03,3.443976000000000069e-03,-4.619320000000000218e-04,0.000000000000000000e+00,1.212282599999999974e-02,1.685319999999999917e-04
3.606376000000000113e-03,8.927219999999999817e-04,-3.240202000000000186e-03,4.609150000000000009e-04,-3.802536999999999931e-03,1.968126000000000164e-03,-3.265641000000000117e-03,-5.498799999999999868e-04
8.599056000000000755e-03,1.339989800000000036e-02,6.237986000000000052e-03,1.925162000000000010e-03,7.952262999999999346e-03,5.717492999999999707e-03,1.837079000000000142e-02,6.974608999999999670e-03
9.310308999999999252e-03,1.597720299999999885e-02,3.070891000000000072e-03,-1.186250000000000021e-03,3.450339999999999766e-04,2.619553000000000159e-03,1.685693000000000044e-03,-5.805149999999999807e-04
1.909690000000000075e-04,-1.652601999999999977e-03,1.922906000000000051e-03,2.872107999999999953e-03,-7.230659999999999648e-04,5.682800000000000004e-04,5.627924999999999768e-03,5.715740000000000404e-04
-1.306904300000000067e-02,-1.370598800000000055e-02,-2.074215299999999929e-02,-1.423886100000000023e-02,-1.127489700000000074e-02,1.357583000000000097e-03,-1.194167600000000003e-02,-1.261532899999999978e-02
-7.246324000000000168e-03,-1.944185000000000010e-02,0.000000000000000000e+00,-4.726719999999999902e-04,-2.997104999999999908e-03,-1.791962600000000100e-02,-1.225155399999999957e-02,-5.464893999999999655e-03
